{
    "HIP_0": [
        0,
        0,
        0
    ],
    "HIP_1": [
        811.5,
        829.5,
        -0.222579438239336
    ],
    "HIP_2": [
        811.0,
        831.0,
        -0.22066915780305862
    ],
    "HIP_3": [
        813.0,
        828.5,
        -0.23583915643393993
    ],
    "HIP_4": [
        811.5,
        836.0,
        -0.2533662971109152
    ],
    "HIP_5": [
        805.0,
        832.5,
        -0.27638496458530426
    ],
    "HIP_6": [
        809.0,
        832.5,
        -0.2898924686014652
    ],
    "HIP_7": [
        807.5,
        832.5,
        -0.284148920327425
    ],
    "HIP_8": [
        809.5,
        827.5,
        -0.27967395074665546
    ],
    "HIP_9": [
        812.5,
        833.5,
        -0.2929421402513981
    ],
    "HIP_10": [
        809.5,
        833.5,
        -0.29232797026634216
    ],
    "HIP_11": [
        803.5,
        836.5,
        -0.29667587019503117
    ],
    "HIP_12": [
        808.0,
        833.5,
        -0.2867898512631655
    ],
    "HIP_13": [
        819.0,
        823.0,
        -0.24445659667253494
    ],
    "HIP_14": [
        815.5,
        830.0,
        -0.17287720274180174
    ],
    "HIP_15": [
        812.5,
        834.0,
        -0.15615483652800322
    ],
    "HIP_16": [
        818.5,
        830.5,
        -0.18940366990864277
    ],
    "HIP_17": [
        812.0,
        833.5,
        -0.16245431452989578
    ],
    "HIP_18": [
        815.0,
        837.5,
        -0.25920091196894646
    ],
    "HIP_19": [
        811.0,
        837.5,
        -0.21878217346966267
    ],
    "HIP_20": [
        816.0,
        835.5,
        -0.23164797574281693
    ],
    "HIP_21": [
        812.5,
        824.5,
        -0.2541287150233984
    ],
    "HIP_22": [
        812.0,
        828.0,
        -0.23732375353574753
    ],
    "HIP_23": [
        816.0,
        824.0,
        -0.23404323868453503
    ],
    "HIP_24": [
        814.0,
        824.5,
        -0.20995718613266945
    ],
    "HIP_25": [
        815.0,
        820.5,
        -0.2310422770678997
    ],
    "HIP_26": [
        818.0,
        820.5,
        -0.23466799780726433
    ],
    "HIP_27": [
        812.0,
        825.0,
        -0.21289037726819515
    ],
    "HIP_28": [
        813.0,
        821.0,
        -0.2432007249444723
    ],
    "HIP_29": [
        812.5,
        825.0,
        -0.24441212229430676
    ],
    "HIP_30": [
        811.0,
        827.0,
        -0.23588151298463345
    ],
    "HIP_31": [
        812.5,
        831.0,
        -0.2646839674562216
    ],
    "HIP_32": [
        810.5,
        845.0,
        -0.3046770226210356
    ],
    "HIP_33": [
        812.0,
        828.0,
        -0.29403917491436005
    ],
    "HIP_34": [
        811.0,
        830.0,
        -0.3463601041585207
    ],
    "HIP_35": [
        815.0,
        832.0,
        -0.30871360190212727
    ],
    "HIP_36": [
        812.0,
        830.5,
        -0.30647717602550983
    ],
    "HIP_37": [
        819.0,
        812.5,
        -0.2649931702762842
    ],
    "HIP_38": [
        821.0,
        805.5,
        -0.2464833576232195
    ],
    "HIP_39": [
        816.5,
        802.0,
        -0.23091097176074982
    ],
    "HIP_40": [
        816.0,
        800.0,
        -0.2213828656822443
    ],
    "HIP_41": [
        820.0,
        796.5,
        -0.2050395905971527
    ],
    "HIP_42": [
        820.0,
        791.5,
        -0.19131395034492016
    ],
    "HIP_43": [
        822.0,
        801.5,
        -0.2155673112720251
    ],
    "HIP_44": [
        823.0,
        810.0,
        -0.26645129453390837
    ],
    "HIP_45": [
        824.0,
        813.5,
        -0.29377656430006027
    ],
    "HIP_46": [
        822.0,
        805.0,
        -0.2294983807951212
    ],
    "HIP_47": [
        824.5,
        812.0,
        -0.2636652924120426
    ],
    "HIP_48": [
        820.0,
        818.0,
        -0.2656200472265482
    ],
    "HIP_49": [
        825.0,
        812.0,
        -0.24635417014360428
    ],
    "HIP_50": [
        827.0,
        814.5,
        -0.24138362891972065
    ],
    "HIP_51": [
        816.0,
        807.0,
        -0.22607332421466708
    ],
    "HIP_52": [
        823.5,
        815.5,
        -0.2410167152993381
    ],
    "HIP_53": [
        823.5,
        820.0,
        -0.25897324550896883
    ],
    "HIP_54": [
        819.5,
        822.0,
        -0.2406662148423493
    ],
    "HIP_55": [
        825.0,
        816.0,
        -0.20897451415657997
    ],
    "HIP_56": [
        825.0,
        817.5,
        -0.24469697009772062
    ],
    "HIP_57": [
        824.0,
        819.0,
        -0.24647065065801144
    ],
    "HIP_58": [
        820.0,
        814.5,
        -0.2516265017911792
    ],
    "HIP_59": [
        825.0,
        817.0,
        -0.28558798413723707
    ],
    "HIP_60": [
        824.0,
        815.5,
        -0.26300770696252584
    ],
    "HIP_61": [
        817.5,
        826.0,
        -0.2957101408392191
    ],
    "HIP_62": [
        820.5,
        818.0,
        -0.28877319674938917
    ],
    "HIP_63": [
        814.0,
        820.0,
        -0.2558187413960695
    ],
    "HIP_64": [
        815.0,
        818.0,
        -0.22847758792340755
    ],
    "HIP_65": [
        815.0,
        806.5,
        -0.24260561540722847
    ],
    "HIP_66": [
        811.0,
        811.5,
        -0.18356693722307682
    ],
    "HIP_67": [
        812.5,
        823.0,
        -0.2017696648836136
    ],
    "HIP_68": [
        812.0,
        817.0,
        -0.18886574171483517
    ],
    "HIP_69": [
        813.0,
        824.5,
        -0.20740520395338535
    ],
    "HIP_70": [
        813.5,
        828.0,
        -0.19308445416390896
    ],
    "HIP_71": [
        810.5,
        822.0,
        -0.2009437121450901
    ],
    "HIP_72": [
        816.0,
        822.0,
        -0.18322596698999405
    ],
    "HIP_73": [
        816.5,
        819.5,
        -0.2035211082547903
    ],
    "HIP_74": [
        816.5,
        815.5,
        -0.1867457963526249
    ],
    "HIP_75": [
        808.5,
        808.5,
        -0.17728757858276367
    ],
    "HIP_76": [
        810.5,
        793.0,
        -0.17687036655843258
    ],
    "HIP_77": [
        814.0,
        803.5,
        -0.18793813325464725
    ],
    "HIP_78": [
        813.5,
        798.5,
        -0.18429335206747055
    ],
    "HIP_79": [
        814.5,
        807.0,
        -0.1562999077141285
    ],
    "HIP_80": [
        817.0,
        804.5,
        -0.18514471873641014
    ],
    "HIP_81": [
        816.0,
        790.5,
        -0.17805423215031624
    ],
    "HIP_88": [
        821.0,
        754.5,
        -0.13354808650910854
    ],
    "HIP_89": [
        817.5,
        755.0,
        -0.12370230630040169
    ],
    "HIP_90": [
        818.0,
        719.0,
        -0.15319411363452673
    ],
    "HIP_91": [
        836.0,
        712.0,
        -0.11592140793800354
    ],
    "HIP_94": [
        -406.5,
        773.0,
        -0.4093675911426544
    ],
    "HIP_95": [
        834.5,
        707.5,
        -0.1541174864396453
    ],
    "HIP_96": [
        839.5,
        698.0,
        -0.156577343121171
    ],
    "HIP_99": [
        836.0,
        695.5,
        -0.14165195357054472
    ],
    "HIP_100": [
        837.5,
        722.5,
        -0.13961566239595413
    ],
    "HIP_101": [
        822.5,
        760.0,
        -0.064022455830127
    ],
    "HIP_102": [
        823.0,
        750.0,
        -0.1709573920816183
    ],
    "HIP_103": [
        834.5,
        778.5,
        -0.230638830922544
    ],
    "HIP_104": [
        824.5,
        775.0,
        -0.18371306732296944
    ],
    "HIP_105": [
        824.5,
        785.0,
        -0.20682703703641891
    ],
    "HIP_106": [
        818.0,
        791.0,
        -0.18389837723225355
    ],
    "HIP_107": [
        823.0,
        795.0,
        -0.20795054454356432
    ],