{
    "HIP_0": [
        0,
        0,
        0
    ],
    "HIP_1": [
        486.0,
        848.5,
        -0.265970547683537
    ],
    "HIP_2": [
        488.5,
        868.0,
        -0.2549356073141098
    ],
    "HIP_3": [
        491.0,
        832.5,
        -0.2878514123149216
    ],
    "HIP_4": [
        500.0,
        839.0,
        -0.3093791292048991
    ],
    "HIP_5": [
        505.5,
        901.0,
        -0.32271297136321664
    ],
    "HIP_6": [
        520.5,
        975.5,
        -0.40652533422689885
    ],
    "HIP_7": [
        517.5,
        969.5,
        -0.4136508973315358
    ],
    "HIP_8": [
        514.5,
        985.0,
        -0.43236216832883656
    ],
    "HIP_9": [
        519.0,
        975.0,
        -0.4725699182599783
    ],
    "HIP_10": [
        499.5,
        968.5,
        -0.44606490957085043
    ],
    "HIP_11": [
        503.0,
        942.5,
        -0.3457679728162475
    ],
    "HIP_12": [
        500.5,
        930.0,
        -0.292935919133015
    ],
    "HIP_13": [
        495.5,
        918.5,
        -0.29796456824988127
    ],
    "HIP_14": [
        498.5,
        913.0,
        -0.32376129599288106
    ],
    "HIP_15": [
        498.5,
        885.5,
        -0.31039409805089235
    ],
    "HIP_16": [
        495.5,
        889.0,
        -0.3414335078559816
    ],
    "HIP_17": [
        496.0,
        880.0,
        -0.36417202645679936
    ],
    "HIP_18": [
        503.5,
        898.0,
        -0.33005256741307676
    ],
    "HIP_19": [
        499.0,
        890.0,
        -0.3345389534079004
    ],
    "HIP_20": [
        498.0,
        883.0,
        -0.3207028221222572
    ],
    "HIP_21": [
        491.5,
        883.0,
        -0.2988752340897918
    ],
    "HIP_22": [
        492.5,
        884.0,
        -0.32926420611329377
    ],
    "HIP_23": [
        493.5,
        879.5,
        -0.3451322936452925
    ],
    "HIP_24": [
        493.0,
        881.5,
        -0.3138816305436194
    ],
    "HIP_25": [
        496.0,
        885.0,
        -0.3267794649582356
    ],
    "HIP_26": [
        494.0,
        877.5,
        -0.342950401827693
    ],
    "HIP_27": [
        499.0,
        856.0,
        -0.36018501757644117
    ],
    "HIP_28": [
        500.0,
        855.0,
        -0.3720096097968053
    ],
    "HIP_29": [
        504.5,
        838.0,
        -0.27020673220977187
    ],
    "HIP_30": [
        499.5,
        826.0,
        -0.28034768463112414
    ],
    "HIP_31": [
        497.5,
        863.5,
        -0.28174015623517334
    ],
    "HIP_32": [
        494.0,
        833.5,
        -0.280618278462498
    ],
    "HIP_33": [
        493.0,
        822.5,
        -0.22189485048875213
    ],
    "HIP_34": [
        493.0,
        831.5,
        -0.22191523457877338
    ],
    "HIP_35": [
        495.5,
        815.0,
        -0.23107633603649447
    ],
    "HIP_36": [
        493.5,
        788.0,
        -0.20156953018158674
    ],
    "HIP_37": [
        492.5,
        768.5,
        -0.2278485931456089
    ],
    "HIP_38": [
        493.5,
        793.5,
        -0.23240668745711446
    ],
    "HIP_39": [
        495.0,
        785.5,
        -0.1817048373632133
    ],
    "HIP_40": [
        494.5,
        766.5,
        -0.14962610369548202
    ],
    "HIP_41": [
        496.0,
        790.0,
        -0.24794836482033134
    ],
    "HIP_42": [
        489.5,
        794.5,
        -0.2252481656614691
    ],
    "HIP_43": [
        490.0,
        843.0,
        -0.2620552140288055
    ],
    "HIP_44": [
        497.5,
        982.5,
        -0.3832685435190797
    ],
    "HIP_45": [
        482.5,
        958.0,
        -0.3861551424488425
    ],
    "HIP_46": [
        489.0,
        988.0,
        -0.5034212385071442
    ],
    "HIP_47": [
        485.0,
        995.0,
        -0.502586814458482
    ],
    "HIP_48": [
        487.0,
        987.5,
        -0.4692332809790969
    ]
}