{
    "HIP_0": [
        0,
        0,
        0
    ],
    "HIP_84": [
        768.0,
        1050.5,
        -0.4307081028819084
    ],
    "HIP_87": [
        635.5,
        984.0,
        -0.18862664699554443
    ],
    "HIP_89": [
        583.5,
        895.5,
        -0.24949099402874708
    ],
    "HIP_99": [
        281.0,
        855.5,
        -0.3476008418947458
    ],
    "HIP_104": [
        719.0,
        1200.5,
        -0.7466315208002925
    ],
    "HIP_105": [
        625.5,
        1247.0,
        -0.7736901976168156
    ],
    "HIP_106": [
        673.0,
        1251.5,
        -0.7540172263979912
    ],
    "HIP_107": [
        688.0,
        1200.0,
        -0.7048745192587376
    ],
    "HIP_108": [
        686.0,
        1185.0,
        -0.7175852097570896
    ],
    "HIP_109": [
        689.5,
        1105.0,
        -0.2785198278725147
    ],
    "HIP_110": [
        619.5,
        1080.0,
        -0.2644459158182144
    ],
    "HIP_111": [
        605.5,
        1073.0,
        -0.34269610419869423
    ],
    "HIP_112": [
        643.5,
        1071.5,
        -0.36826683580875397
    ],
    "HIP_113": [
        616.0,
        1082.0,
        -0.350503645837307
    ],
    "HIP_114": [
        637.5,
        1051.5,
        -0.3920151721686125
    ],
    "HIP_115": [
        619.5,
        1040.5,
        -0.3818084876984358
    ],
    "HIP_116": [
        612.0,
        1040.0,
        -0.3683701101690531
    ],
    "HIP_117": [
        617.0,
        1067.0,
        -0.3210402652621269
    ],
    "HIP_118": [
        612.0,
        1053.0,
        -0.34316957741975784
    ],
    "HIP_119": [
        622.0,
        1048.5,
        -0.49010674841701984
    ],
    "HIP_120": [
        658.5,
        1034.0,
        -0.3043511286377907
    ],
    "HIP_121": [
        740.0,
        992.5,
        -0.3611075393855572
    ],
    "HIP_122": [
        704.5,
        974.0,
        -0.22176997107453644
    ],
    "HIP_123": [
        608.5,
        976.0,
        -0.3147945497184992
    ],
    "HIP_124": [
        589.5,
        946.0,
        -0.20303421467542648
    ],
    "HIP_125": [
        567.0,
        954.0,
        -0.2950364268035628
    ],
    "HIP_126": [
        557.5,
        949.5,
        -0.29775452852481976
    ],
    "HIP_127": [
        566.5,
        963.5,
        -0.3092495109885931
    ],
    "HIP_128": [
        565.0,
        948.5,
        -0.2966103181242943
    ],
    "HIP_129": [
        563.0,
        949.5,
        -0.2739934814744629
    ],
    "HIP_130": [
        559.0,
        973.5,
        -0.27124216314405203
    ],
    "HIP_131": [
        585.0,
        985.5,
        -0.29140136792557314
    ],
    "HIP_132": [
        546.5,
        974.0,
        -0.3238223176449537
    ],
    "HIP_133": [
        563.5,
        961.5,
        -0.3070847215130925
    ],
    "HIP_134": [
        577.5,
        947.0,
        -0.30290210992097855
    ],
    "HIP_135": [
        527.5,
        1061.5,
        -0.468242771923542
    ],
    "HIP_137": [
        403.5,
        1080.5,
        -0.45357622392475605
    ],
    "HIP_138": [
        409.5,
        1065.5,
        -0.442178706638515
    ],
    "HIP_139": [
        379.5,
        1057.0,
        -0.45444073707039934
    ],
    "HIP_140": [
        391.5,
        999.0,
        -0.3778912117704749
    ],
    "HIP_141": [
        390.5,
        980.5,
        -0.4062984134070575
    ],
    "HIP_142": [
        402.5,
        935.0,
        -0.35856122438417515
    ],
    "HIP_143": [
        393.0,
        953.0,
        -0.3672801684588194
    ],
    "HIP_144": [
        409.0,
        950.5,
        -0.38201424200087786
    ],
    "HIP_145": [
        410.0,
        949.5,
        -0.3503320515155792
    ],
    "HIP_146": [
        412.0,
        948.0,
        -0.3347296789288521
    ],
    "HIP_147": [
        405.5,
        949.5,
        -0.3661076072603464
    ],
    "HIP_148": [
        406.5,
        946.5,
        -0.36504904506728053
    ],
    "HIP_149": [
        409.0,
        952.5,
        -0.3763802284374833
    ],
    "HIP_150": [
        408.5,
        944.0,
        -0.3551589362323284
    ],
    "HIP_151": [
        410.5,
        940.0,
        -0.36317779310047626
    ],
    "HIP_152": [
        428.5,
        953.0,
        -0.36744699627161026
    ],
    "HIP_153": [
        431.0,
        934.0,
        -0.38217143749352545
    ],
    "HIP_154": [
        430.5,
        937.0,
        -0.2956113372929394
    ],
    "HIP_155": [
        429.0,
        931.5,
        -0.34319182112812996
    ],
    "HIP_156": [
        430.5,
        935.5,
        -0.40573556814342737
    ],
    "HIP_157": [
        432.5,
        938.0,
        -0.30713810889574233
    ],
    "HIP_158": [
        615.5,
        1020.0,
        -0.45975520834326744
    ],
    "HIP_159": [
        486.0,
        1033.5,
        -0.4146124959224835
    ],
    "HIP_160": [
        545.0,
        1008.0,
        -0.21363810822367668
    ],
    "HIP_161": [
        559.5,
        964.5,
        -0.3298233523964882
    ],
    "HIP_162": [
        567.0,
        993.5,
        -0.2817658204585314
    ],
    "HIP_163": [
        555.5,
        976.0,
        -0.2745807054452598
    ],
    "HIP_164": [
        521.5,
        1170.0,
        -0.4052048968151212
    ],
    "HIP_165": [
        561.0,
        956.5,
        -0.32549218460917473
    ],
    "HIP_166": [
        539.5,
        849.0,
        -0.17106841690838337
    ],
    "HIP_167": [
        548.0,
        823.0,
        -0.11145130638033152
    ],
    "HIP_168": [
        517.0,
        834.0,
        -0.19787367433309555
    ],
    "HIP_169": [
        499.0,
        824.5,
        -0.1589996162801981
    ],
    "HIP_170": [
        509.5,
        815.5,
        -0.16075289715081453
    ],
    "HIP_171": [
        531.5,
        837.0,
        -0.26048335805535316
    ],
    "HIP_172": [
        508.5,
        828.5,
        -0.2974857669323683
    ],
    "HIP_173": [
        473.5,
        842.5,
        -0.3901693415828049
    ],
    "HIP_174": [
        486.0,
        869.0,
        -0.36309497500769794
    ],
    "HIP_175": [
        491.5,
        866.0,
        -0.35055925510823727
    ],
    "HIP_176": [
        488.0,
        879.5,
        -0.3662738392595202
    ],
    "HIP_177": [
        487.5,
        873.5,
        -0.3838215433061123
    ],
    "HIP_178": [
        480.0,
        892.0,
        -0.4006298426538706
    ],
    "HIP_179": [
        490.5,
        916.0,
        -0.41054894775152206
    ],
    "HIP_180": [
        489.5,
        900.5,
        -0.42381811421364546
    ],
    "HIP_181": [
        492.0,
        892.0,
        -0.44082740135490894
    ],
    "HIP_182": [
        496.5,
        886.0,
        -0.37752021849155426
    ],
    "HIP_183": [
        494.0,
        888.0,
        -0.34529067389667034
    ],
    "HIP_184": [
        492.5,
        877.0,
        -0.35252623446285725
    ],
    "HIP_185": [
        493.0,
        884.5,
        -0.3323432467877865
    ],
    "HIP_186": [
        487.5,
        914.0,
        -0.392196299508214
    ],
    "HIP_187": [
        481.0,
        884.5,
        -0.36543870717287064
    ],
    "HIP_188": [
        488.0,
        882.0,
        -0.3767877649515867
    ],
    "HIP_189": [
        485.0,
        891.5,
        -0.3297137226909399
    ],
    "HIP_190": [
        492.5,
        881.0,
        -0.3656277786940336
    ],
    "HIP_191": [
        492.0,
        882.0,
        -0.39818224031478167
    ],
    "HIP_192": [
        488.5,
        912.0,
        -0.36326676793396473
    ],
    "HIP_193": [
        490.0,
        892.5,
        -0.39877884835004807
    ],
    "HIP_194": [
        488.0,
        906.0,
        -0.36511140689253807
    ],
    "HIP_195": [
        495.0,
        880.5,
        -0.363733091391623
    ],
    "HIP_196": [
        492.5,
        892.5,
        -0.39329100772738457
    ],