{
    "HIP_0": [
        0,
        0,
        0
    ],
    "HIP_1": [
        636.0,
        1267.0,
        -0.6384371118620038
    ],
    "HIP_2": [
        643.0,
        1298.5,
        -0.666694225743413
    ],
    "HIP_3": [
        641.5,
        1293.0,
        -0.6067284685559571
    ],
    "HIP_4": [
        645.5,
        1289.0,
        -0.5651740450412035
    ],
    "HIP_5": [
        645.0,
        1302.0,
        -0.5199502205941826
    ],
    "HIP_6": [
        641.0,
        1292.5,
        -0.589253744110465
    ],
    "HIP_7": [
        642.5,
        1294.0,
        -0.603066744748503
    ],
    "HIP_8": [
        643.0,
        1272.0,
        -0.6166912587359548
    ],
    "HIP_9": [
        643.0,
        1233.0,
        -0.5822823853231966
    ],
    "HIP_10": [
        641.5,
        1240.0,
        -0.6388315572403371
    ]
}