{
    "HIP_0": [
        0,
        0,
        0
    ],
    "HIP_48": [
        617.0,
        545.5,
        -0.1471890015527606
    ],
    "HIP_49": [
        573.0,
        577.5,
        -0.22315603215247393
    ],
    "HIP_50": [
        551.0,
        572.0,
        -0.23497111548203975
    ]
}