{
    "HIP_0": [
        0,
        0,
        0
    ],
    "HIP_1": [
        662.0,
        549.0,
        -0.15520388633012772
    ],
    "HIP_2": [
        661.0,
        540.5,
        -0.1365191712975502
    ],
    "HIP_3": [
        686.5,
        508.0,
        -0.08139926195144653
    ],
    "HIP_8": [
        650.0,
        536.0,
        -0.04117310419678688
    ],
    "HIP_9": [
        643.5,
        548.5,
        -0.11828568577766418
    ],
    "HIP_10": [
        642.0,
        549.5,
        -0.09613730758428574
    ],
    "HIP_11": [
        641.0,
        544.5,
        -0.14093772508203983
    ],
    "HIP_12": [
        638.0,
        545.0,
        -0.2234650608152151
    ],
    "HIP_13": [
        638.0,
        544.5,
        -0.1330968178808689
    ],
    "HIP_14": [
        596.5,
        495.5,
        -0.08289594575762749
    ],
    "HIP_15": [
        524.5,
        427.5,
        -0.06028680503368378
    ],
    "HIP_16": [
        385.0,
        459.5,
        -0.26313671469688416
    ],
    "HIP_17": [
        267.5,
        463.0,
        -0.22688403795473278
    ],
    "HIP_18": [
        389.0,
        418.0,
        -0.1489279828965664
    ]
}