{
    "KNEE_0": [
        0,
        0,
        0
    ],
    "KNEE_1": [
        514.5,
        1140.0,
        -71.51661728695035
    ],
    "KNEE_2": [
        509.5,
        1166.5,
        -105.53002664633095
    ],
    "KNEE_3": [
        510.5,
        1129.5,
        -4.039103731513023
    ],
    "KNEE_4": [
        516.5,
        1145.5,
        -28.48390779644251
    ],
    "KNEE_5": [
        525.0,
        1229.5,
        -148.10902759060264
    ],
    "KNEE_6": [
        536.5,
        1339.5,
        -146.51565727824345
    ],
    "KNEE_7": [
        528.0,
        1325.0,
        -197.045016143471
    ],
    "KNEE_8": [
        541.0,
        1357.5,
        -231.9069908154197
    ],
    "KNEE_9": [
        533.0,
        1343.0,
        -226.4191336836666
    ],
    "KNEE_10": [
        515.0,
        1345.5,
        -201.3393027386628
    ],
    "KNEE_11": [
        525.5,
        1300.5,
        -177.2901592879789
    ],
    "KNEE_12": [
        513.5,
        1268.0,
        -169.91649943822995
    ],
    "KNEE_13": [
        520.0,
        1243.0,
        -112.58360585197806
    ],
    "KNEE_14": [
        522.0,
        1246.5,
        -82.26703176274896
    ],
    "KNEE_15": [
        520.0,
        1202.0,
        -47.463269286789
    ],
    "KNEE_16": [
        521.5,
        1207.0,
        -4.889511024579406
    ],
    "KNEE_17": [
        523.5,
        1196.0,
        -18.8542582411319
    ],
    "KNEE_18": [
        530.5,
        1219.5,
        -30.787886017933488
    ],
    "KNEE_19": [
        525.5,
        1206.5,
        -34.40525192767382
    ],
    "KNEE_20": [
        527.0,
        1196.0,
        -10.907023586332798
    ],
    "KNEE_21": [
        511.0,
        1196.5,
        -0.3242351599037647
    ],
    "KNEE_22": [
        516.5,
        1196.5,
        -64.54578762565507
    ],
    "KNEE_23": [
        509.0,
        1189.5,
        -42.2958641469595
    ],
    "KNEE_24": [
        513.5,
        1192.5,
        -72.61976082343608
    ],
    "KNEE_25": [
        519.5,
        1198.5,
        -41.98184346780181
    ],
    "KNEE_26": [
        514.0,
        1189.0,
        -18.109711086843163
    ],
    "KNEE_27": [
        522.5,
        1165.0,
        6.977868989109993
    ],
    "KNEE_28": [
        520.0,
        1163.0,
        -16.195073749870062
    ],
    "KNEE_29": [
        517.5,
        1143.0,
        3.308309219777584
    ],
    "KNEE_30": [
        521.0,
        1123.5,
        89.64271877054125
    ],
    "KNEE_31": [
        514.5,
        1189.5,
        64.35306565091014
    ],
    "KNEE_32": [
        514.0,
        1139.5,
        85.42983987741172
    ],
    "KNEE_33": [
        519.0,
        1127.0,
        175.3137929700315
    ],
    "KNEE_34": [
        529.5,
        1132.0,
        125.42729641729966
    ],
    "KNEE_35": [
        537.0,
        1115.0,
        195.15764636546373
    ],
    "KNEE_36": [
        531.0,
        1074.5,
        223.52116837352514
    ],
    "KNEE_37": [
        534.5,
        1046.0,
        235.38892324268818
    ],
    "KNEE_38": [
        535.0,
        1083.0,
        215.08867377787828
    ],
    "KNEE_39": [
        537.5,
        1070.0,
        224.08483240753412
    ],
    "KNEE_40": [
        541.0,
        1032.5,
        283.42972303926945
    ],
    "KNEE_41": [
        540.0,
        1068.5,
        164.21287803724408
    ],
    "KNEE_42": [
        520.5,
        1077.0,
        215.10207115486264
    ],
    "KNEE_43": [
        501.5,
        1146.0,
        55.555311458185315
    ],
    "KNEE_44": [
        509.0,
        1349.5,
        -128.98162677884102
    ],
    "KNEE_45": [
        508.5,
        1333.5,
        -191.6432312289253
    ],
    "KNEE_46": [
        496.0,
        1379.0,
        -100.3609449150972
    ],
    "KNEE_47": [
        485.5,
        1387.0,
        -79.36898650461808
    ],
    "KNEE_48": [
        490.0,
        1373.5,
        -117.34412847273052
    ]
}