{
    "KNEE_0": [
        0,
        0,
        0
    ],
    "KNEE_84": [
        758.0,
        1020.5,
        59.29007399454713
    ],
    "KNEE_87": [
        604.0,
        1338.0,
        -376.0854484587908
    ],
    "KNEE_89": [
        579.0,
        1160.5,
        -248.49745655059814
    ],
    "KNEE_99": [
        280.0,
        1113.0,
        -179.3967918008566
    ],
    "KNEE_104": [
        713.0,
        1779.0,
        -441.9399808049202
    ],
    "KNEE_105": [
        638.0,
        1867.0,
        -301.18487974628806
    ],
    "KNEE_106": [
        655.5,
        1886.0,
        -347.146517328918
    ],
    "KNEE_107": [
        679.5,
        1775.5,
        -407.8456952944398
    ],
    "KNEE_108": [
        675.5,
        1764.0,
        -490.780249774456
    ],
    "KNEE_109": [
        705.5,
        1579.0,
        167.48756118118763
    ],
    "KNEE_110": [
        613.0,
        1537.5,
        155.55217196047306
    ],
    "KNEE_111": [
        618.5,
        1541.5,
        87.24487037956715
    ],
    "KNEE_112": [
        649.0,
        1536.0,
        123.45499649643898
    ],
    "KNEE_113": [
        628.0,
        1535.0,
        167.08597327023745
    ],
    "KNEE_114": [
        654.0,
        1479.0,
        -57.43451973050833
    ],
    "KNEE_115": [
        612.5,
        1460.5,
        -192.3771936185658
    ],
    "KNEE_116": [
        613.0,
        1482.5,
        -17.959773510694504
    ],
    "KNEE_117": [
        609.5,
        1502.5,
        130.11143258213997
    ],
    "KNEE_118": [
        609.0,
        1503.0,
        -115.30772352218628
    ],
    "KNEE_119": [
        621.5,
        1483.0,
        -355.2481589242816
    ],
    "KNEE_120": [
        642.5,
        1430.5,
        18.84341435879469
    ],
    "KNEE_121": [
        771.0,
        1331.0,
        -179.4573137536645
    ],
    "KNEE_122": [
        702.5,
        1299.0,
        -383.5184696018696
    ],
    "KNEE_123": [
        602.0,
        1332.5,
        -199.41025699675083
    ],
    "KNEE_124": [
        564.5,
        1252.5,
        -151.18311996012926
    ],
    "KNEE_125": [
        546.0,
        1172.0,
        -198.7563880952075
    ],
    "KNEE_126": [
        559.0,
        1263.0,
        -218.7594615072012
    ],
    "KNEE_127": [
        572.5,
        1292.0,
        -300.71615079045296
    ],
    "KNEE_128": [
        562.5,
        1263.0,
        -252.73662436008453
    ],
    "KNEE_129": [
        558.5,
        1259.0,
        -258.2203912064433
    ],
    "KNEE_130": [
        528.5,
        1311.5,
        -218.7626137584448
    ],
    "KNEE_131": [
        578.0,
        1342.0,
        -225.0604876205325
    ],
    "KNEE_132": [
        524.0,
        1324.5,
        -189.2299039135687
    ],
    "KNEE_133": [
        569.0,
        1278.5,
        -241.96291916444898
    ],
    "KNEE_134": [
        579.5,
        1253.5,
        -223.3911608606577
    ],
    "KNEE_135": [
        533.5,
        1506.5,
        -185.83424811065197
    ],
    "KNEE_137": [
        377.5,
        1526.0,
        -141.25599441677332
    ],
    "KNEE_138": [
        398.5,
        1509.5,
        -152.12087657302618
    ],
    "KNEE_139": [
        368.5,
        1489.0,
        -196.01991227641702
    ],
    "KNEE_140": [
        386.5,
        1376.0,
        -81.30971195921302
    ],
    "KNEE_141": [
        390.0,
        1347.5,
        -205.59532983601093
    ],
    "KNEE_142": [
        389.0,
        1239.0,
        -334.5205499380827
    ],
    "KNEE_143": [
        375.0,
        1264.0,
        -242.53870391100645
    ],
    "KNEE_144": [
        413.0,
        1254.0,
        -300.34020034223795
    ],
    "KNEE_145": [
        419.5,
        1259.5,
        -214.99520322680473
    ],
    "KNEE_146": [
        408.5,
        1257.5,
        -235.3007060699165
    ],
    "KNEE_147": [
        398.0,
        1259.5,
        -264.55395033210516
    ],
    "KNEE_148": [
        399.5,
        1265.0,
        -230.14569805562496
    ],
    "KNEE_149": [
        400.5,
        1269.5,
        -192.3642700240016
    ],
    "KNEE_150": [
        405.0,
        1255.0,
        -190.11023879051208
    ],
    "KNEE_151": [
        403.0,
        1247.0,
        -278.13239331543446
    ],
    "KNEE_152": [
        419.5,
        1257.5,
        -300.769993275404
    ],
    "KNEE_153": [
        431.0,
        1237.5,
        -329.5740449130535
    ],
    "KNEE_154": [
        427.0,
        1251.0,
        -241.09931354224682
    ],
    "KNEE_155": [
        416.5,
        1237.0,
        -271.95577308535576
    ],
    "KNEE_156": [
        430.5,
        1239.5,
        -310.7892395481467
    ],
    "KNEE_157": [
        426.0,
        1248.0,
        -317.82112400978804
    ],
    "KNEE_158": [
        591.0,
        1419.5,
        -197.585691396147
    ],
    "KNEE_159": [
        453.0,
        1424.5,
        -372.5180406421423
    ],
    "KNEE_160": [
        497.0,
        1372.0,
        -135.36755850864574
    ],
    "KNEE_161": [
        539.5,
        1290.5,
        -217.42577324062586
    ],
    "KNEE_162": [
        569.5,
        1327.0,
        -284.13371405750513
    ],
    "KNEE_163": [
        537.0,
        1303.5,
        -286.171085216105
    ],
    "KNEE_164": [
        492.5,
        1383.5,
        39.511801060289145
    ],
    "KNEE_165": [
        535.5,
        1293.0,
        -235.36026201024652
    ],
    "KNEE_166": [
        520.5,
        1178.0,
        -372.68976207077503
    ],
    "KNEE_167": [
        531.5,
        1173.0,
        -354.41546570137143
    ],
    "KNEE_168": [
        490.0,
        1160.0,
        -310.9950955361128
    ],
    "KNEE_169": [
        487.5,
        1156.5,
        -300.09830954670906
    ],
    "KNEE_170": [
        504.0,
        1156.0,
        -141.29524701507762
    ],
    "KNEE_171": [
        504.0,
        1129.5,
        -187.08761116862297
    ],
    "KNEE_172": [
        497.5,
        1195.0,
        122.98022996261716
    ],
    "KNEE_173": [
        479.5,
        1221.5,
        19.92561525851488
    ],
    "KNEE_174": [
        501.0,
        1244.0,
        -26.291910767555237
    ],
    "KNEE_175": [
        501.0,
        1254.0,
        16.387403897941113
    ],
    "KNEE_176": [
        504.0,
        1260.0,
        -27.93337569385767
    ],
    "KNEE_177": [
        495.0,
        1243.5,
        -36.00106703490019
    ],
    "KNEE_178": [
        474.5,
        1228.0,
        41.06975357234478
    ],
    "KNEE_179": [
        511.5,
        1332.0,
        50.24824168905616
    ],
    "KNEE_180": [
        508.0,
        1307.0,
        -38.15378453209996
    ],
    "KNEE_181": [
        503.0,
        1295.0,
        -29.351068913936615
    ],
    "KNEE_182": [
        501.0,
        1288.5,
        59.06540777347982
    ],
    "KNEE_183": [
        502.5,
        1295.5,
        -46.015823256224394
    ],
    "KNEE_184": [
        508.0,
        1282.0,
        16.369570799171925
    ],
    "KNEE_185": [
        501.5,
        1281.0,
        34.027637004852295
    ],
    "KNEE_186": [
        499.5,
        1335.0,
        -21.503844499588013
    ],
    "KNEE_187": [
        492.5,
        1277.5,
        -18.142356224358082
    ],
    "KNEE_188": [
        490.5,
        1274.0,
        -10.6108208745718
    ],
    "KNEE_189": [
        493.0,
        1288.0,
        -46.92006495594978
    ],
    "KNEE_190": [
        504.0,
        1280.5,
        17.164951790124178
    ],
    "KNEE_191": [
        502.5,
        1268.5,
        -29.627990372478962
    ],
    "KNEE_192": [
        501.0,
        1332.0,
        -52.5076273009181
    ],
    "KNEE_193": [
        500.5,
        1297.5,
        -26.43572587519884
    ],
    "KNEE_194": [
        501.5,
        1311.5,
        30.74291494488716
    ],
    "KNEE_195": [
        504.0,
        1284.5,
        -16.020961046218872
    ],