{
    "KNEE_0": [
        0,
        0,
        0
    ],
    "KNEE_1": [
        665.0,
        1781.0,
        -330.6006548255682
    ],
    "KNEE_2": [
        666.0,
        1835.0,
        -226.70042565464973
    ],
    "KNEE_3": [
        676.5,
        1819.5,
        -312.67983542382717
    ],
    "KNEE_4": [
        685.5,
        1798.5,
        -365.6975045129657
    ],
    "KNEE_5": [
        694.5,
        1834.5,
        -419.3030994683504
    ],
    "KNEE_6": [
        662.5,
        1816.0,
        -368.28380396962166
    ],
    "KNEE_7": [
        676.0,
        1815.5,
        -484.2211040854454
    ],
    "KNEE_8": [
        658.5,
        1779.5,
        -380.8087376654148
    ],
    "KNEE_9": [
        659.5,
        1715.5,
        -342.6094231233001
    ],
    "KNEE_10": [
        663.5,
        1745.0,
        -307.40708021074533
    ]
}