{
    "KNEE_0": [
        0,
        0,
        0
    ],
    "KNEE_1": [
        537.5,
        1155.0,
        24.2117350269109
    ],
    "KNEE_2": [
        517.5,
        1151.5,
        94.66760556679219
    ],
    "KNEE_3": [
        510.5,
        1115.5,
        55.42356776073575
    ],
    "KNEE_4": [
        509.5,
        1100.5,
        59.97665552794933
    ],
    "KNEE_5": [
        504.5,
        1110.0,
        43.14928954280913
    ],
    "KNEE_6": [
        515.0,
        1093.5,
        40.99370749667287
    ],
    "KNEE_7": [
        514.5,
        1082.5,
        71.89670908916742
    ],
    "KNEE_8": [
        511.0,
        1059.0,
        19.693726954981685
    ],
    "KNEE_9": [
        532.5,
        1163.5,
        66.45755510777235
    ],
    "KNEE_10": [
        547.5,
        1163.0,
        42.38416716456413
    ],
    "KNEE_11": [
        549.5,
        1196.0,
        161.96552125853486
    ],
    "KNEE_12": [
        535.5,
        1134.5,
        190.20475935190916
    ],
    "KNEE_13": [
        532.5,
        1131.5,
        208.84776588482782
    ],
    "KNEE_14": [
        518.5,
        1154.5,
        223.93057408556342
    ],
    "KNEE_15": [
        486.5,
        1078.5,
        205.1444226630265
    ],
    "KNEE_16": [
        483.0,
        1055.0,
        220.85788112087175
    ],
    "KNEE_17": [
        468.5,
        1032.5,
        341.3979918882251
    ],
    "KNEE_18": [
        486.0,
        1024.5,
        303.9067475683987
    ],
    "KNEE_19": [
        492.0,
        1055.0,
        233.54358386993408
    ],
    "KNEE_20": [
        514.0,
        1096.0,
        288.0545289181173
    ],
    "KNEE_21": [
        534.5,
        1111.0,
        282.76185130141675
    ],
    "KNEE_22": [
        533.0,
        1089.0,
        283.2422995381057
    ],
    "KNEE_23": [
        546.5,
        1107.0,
        238.13237609155476
    ],
    "KNEE_24": [
        550.5,
        1103.0,
        248.4941077977419
    ],
    "KNEE_25": [
        535.0,
        1073.0,
        350.0588094703853
    ],
    "KNEE_26": [
        523.5,
        1073.5,
        295.4274108633399
    ],
    "KNEE_27": [
        530.5,
        1090.5,
        148.83991105109453
    ],
    "KNEE_28": [
        508.0,
        962.5,
        93.05966724827886
    ],
    "KNEE_29": [
        526.5,
        920.5,
        111.14244645182043
    ],
    "KNEE_30": [
        533.0,
        917.0,
        84.80636415816844
    ],
    "KNEE_31": [
        530.0,
        895.5,
        2.766509637236595
    ],
    "KNEE_32": [
        548.0,
        884.5,
        -31.64626904949546
    ],
    "KNEE_33": [
        553.0,
        892.0,
        -93.84521130798385
    ],
    "KNEE_34": [
        554.0,
        875.0,
        -83.97145459754393
    ],
    "KNEE_35": [
        552.5,
        867.5,
        -40.250608406960964
    ],
    "KNEE_36": [
        553.5,
        866.0,
        -61.599639422725886
    ],
    "KNEE_37": [
        561.5,
        879.0,
        -69.58898231294006
    ],
    "KNEE_38": [
        567.0,
        858.5,
        1.7927219476550817
    ],
    "KNEE_39": [
        562.5,
        844.5,
        37.360931479604915
    ],
    "KNEE_40": [
        558.0,
        933.5,
        -99.63837869279087
    ],
    "KNEE_41": [
        558.5,
        919.5,
        -80.54137294180691
    ],
    "KNEE_42": [
        573.0,
        947.0,
        -34.43466431647539
    ],
    "KNEE_43": [
        554.0,
        966.0,
        -27.592556543648243
    ],
    "KNEE_44": [
        547.5,
        988.0,
        44.049999475479126
    ],
    "KNEE_45": [
        547.5,
        979.0,
        -7.775485195219517
    ],
    "KNEE_46": [
        546.0,
        981.5,
        23.696711137890816
    ],
    "KNEE_47": [
        541.5,
        989.5,
        5.746115081012249
    ],
    "KNEE_48": [
        526.0,
        1032.5,
        104.07693646475673
    ],
    "KNEE_49": [
        529.5,
        1037.0,
        82.8152716588229
    ],
    "KNEE_50": [
        526.5,
        1023.0,
        74.11914671491832
    ],
    "KNEE_51": [
        530.5,
        967.5,
        143.26861204393208
    ],
    "KNEE_52": [
        553.0,
        935.0,
        186.43274755775928
    ],
    "KNEE_53": [
        557.0,
        908.0,
        41.250553384423256
    ],
    "KNEE_54": [
        565.0,
        884.5,
        48.663051411509514
    ],
    "KNEE_55": [
        557.5,
        873.0,
        -20.060469031333923
    ],
    "KNEE_56": [
        567.0,
        805.5,
        106.00502783060074
    ],
    "KNEE_57": [
        571.5,
        811.5,
        148.0663279518485
    ],
    "KNEE_58": [
        571.0,
        801.0,
        158.954155549407
    ],
    "KNEE_59": [
        589.0,
        784.5,
        165.2296089157462
    ],
    "KNEE_60": [
        586.5,
        771.0,
        160.15339233353734
    ],
    "KNEE_61": [
        575.0,
        766.5,
        177.02892830595374
    ],
    "KNEE_62": [
        576.0,
        780.0,
        198.32377523370087
    ],
    "KNEE_63": [
        582.5,
        770.5,
        205.2261944990605
    ],
    "KNEE_64": [
        579.0,
        774.5,
        196.01030490919948
    ],
    "KNEE_65": [
        581.0,
        781.5,
        171.88395009934902
    ],
    "KNEE_66": [
        578.0,
        786.5,
        164.02064283192158
    ],
    "KNEE_67": [
        577.0,
        780.0,
        146.11152654513717
    ],
    "KNEE_68": [
        578.0,
        779.5,
        153.21981558948755
    ],
    "KNEE_69": [
        568.5,
        783.0,
        135.93309069424868
    ],
    "KNEE_70": [
        559.5,
        790.5,
        147.5188356488943
    ],
    "KNEE_71": [
        568.5,
        793.0,
        139.13191670179367
    ],
    "KNEE_72": [
        557.5,
        787.0,
        166.29825621843338
    ],
    "KNEE_73": [
        564.5,
        795.5,
        138.38711064308882
    ],
    "KNEE_74": [
        568.5,
        798.0,
        167.6729931347072
    ],
    "KNEE_75": [
        574.5,
        807.0,
        203.0290776193142
    ],
    "KNEE_76": [
        572.0,
        811.0,
        250.73420916404575
    ],
    "KNEE_77": [
        566.0,
        811.5,
        196.6054737456143
    ],
    "KNEE_78": [
        567.0,
        824.0,
        215.03774002566934
    ],
    "KNEE_79": [
        573.0,
        825.5,
        211.30545867606997
    ],
    "KNEE_80": [
        575.0,
        827.5,
        204.96153170987964
    ],
    "KNEE_81": [
        565.0,
        824.5,
        241.4505522698164
    ],
    "KNEE_82": [
        571.5,
        827.0,
        199.38804922252893
    ],
    "KNEE_83": [
        568.0,
        824.0,
        172.35708971321583
    ],
    "KNEE_84": [
        583.5,
        821.0,
        218.24988928623497
    ],
    "KNEE_85": [
        573.5,
        819.0,
        208.06771546974778
    ],
    "KNEE_86": [
        575.5,
        819.0,
        260.27302139019594
    ],
    "KNEE_87": [
        575.0,
        820.5,
        219.80289433524013
    ],
    "KNEE_88": [
        577.0,
        816.0,
        227.10799309238791
    ],
    "KNEE_89": [
        567.0,
        828.5,
        229.30516715347767
    ],
    "KNEE_90": [
        568.0,
        826.5,
        164.73734108358622
    ],
    "KNEE_91": [
        576.0,
        818.0,
        208.01915368437767
    ],
    "KNEE_92": [
        576.0,
        824.5,
        205.39644030109048
    ],
    "KNEE_93": [
        571.5,
        818.0,
        226.0053843073547
    ],
    "KNEE_94": [
        581.0,
        822.0,
        225.61094951815903
    ],
    "KNEE_95": [
        576.5,
        819.0,
        207.31721669062972
    ],
    "KNEE_96": [
        573.5,
        821.5,
        211.65151804871857
    ],
    "KNEE_97": [
        574.0,
        827.0,
        210.25826496630907
    ],
    "KNEE_98": [
        577.0,
        822.0,
        208.0431401990354
    ],