{
    "KNEE_0": [
        0,
        0,
        0
    ],
    "KNEE_1": [
        813.5,
        1105.5,
        -223.47152649611235
    ],
    "KNEE_2": [
        819.0,
        1103.0,
        -204.24410916119814
    ],
    "KNEE_3": [
        823.5,
        1100.0,
        -253.09850205481052
    ],
    "KNEE_4": [
        820.5,
        1111.0,
        -260.7891131937504
    ],
    "KNEE_5": [
        809.0,
        1115.5,
        -184.63253908976912
    ],
    "KNEE_6": [
        816.5,
        1109.5,
        -251.18806913495064
    ],
    "KNEE_7": [
        813.0,
        1115.5,
        -251.93495066463947
    ],
    "KNEE_8": [
        820.5,
        1108.0,
        -201.7891234830022
    ],
    "KNEE_9": [
        824.0,
        1112.5,
        -203.1369682252407
    ],
    "KNEE_10": [
        816.5,
        1113.0,
        -188.86433124169707
    ],
    "KNEE_11": [
        806.0,
        1114.0,
        -200.0597055181861
    ],
    "KNEE_12": [
        810.0,
        1111.5,
        -179.03841625526547
    ],
    "KNEE_13": [
        833.0,
        1106.5,
        -329.0170281082392
    ],
    "KNEE_14": [
        823.0,
        1115.0,
        -284.701774969697
    ],
    "KNEE_15": [
        824.5,
        1125.0,
        -318.832869887352
    ],
    "KNEE_16": [
        831.5,
        1122.0,
        -336.1468131020665
    ],
    "KNEE_17": [
        822.0,
        1125.5,
        -324.0698338150978
    ],
    "KNEE_18": [
        828.5,
        1115.5,
        -214.32276568561792
    ],
    "KNEE_19": [
        824.0,
        1114.5,
        -149.8223077096045
    ],
    "KNEE_20": [
        829.5,
        1111.5,
        -170.90478948131204
    ],
    "KNEE_21": [
        822.0,
        1095.5,
        -287.3971933722496
    ],
    "KNEE_22": [
        821.5,
        1097.5,
        -272.2194096073508
    ],
    "KNEE_23": [
        819.0,
        1096.5,
        -261.40957736223936
    ],
    "KNEE_24": [
        824.5,
        1096.5,
        -185.26963032223284
    ],
    "KNEE_25": [
        823.5,
        1092.0,
        -240.81286592781544
    ],
    "KNEE_26": [
        822.5,
        1089.5,
        -233.87360917031765
    ],
    "KNEE_27": [
        816.0,
        1094.5,
        -218.95094738155603
    ],
    "KNEE_28": [
        818.5,
        1091.5,
        -229.10727734863758
    ],
    "KNEE_29": [
        819.5,
        1100.0,
        -231.8859179019928
    ],
    "KNEE_30": [
        817.5,
        1097.0,
        -226.41066449135542
    ],
    "KNEE_31": [
        818.5,
        1105.0,
        -190.88099015504122
    ],
    "KNEE_32": [
        812.0,
        1128.0,
        -234.55399091541767
    ],
    "KNEE_33": [
        817.5,
        1101.5,
        -302.51052740961313
    ],
    "KNEE_34": [
        813.5,
        1106.5,
        -328.58428817242384
    ],
    "KNEE_35": [
        818.0,
        1111.5,
        -277.67792370915413
    ],
    "KNEE_36": [
        816.5,
        1108.0,
        -374.23920276761055
    ],
    "KNEE_37": [
        820.5,
        1070.5,
        -319.2273449152708
    ],
    "KNEE_38": [
        824.0,
        1058.5,
        -318.46953539550304
    ],
    "KNEE_39": [
        818.5,
        1055.0,
        -258.78581777215004
    ],
    "KNEE_40": [
        819.5,
        1048.0,
        -225.4670537263155
    ],
    "KNEE_41": [
        822.0,
        1039.5,
        -260.98968840390444
    ],
    "KNEE_42": [
        825.5,
        1028.5,
        -231.6799464672804
    ],
    "KNEE_43": [
        830.5,
        1051.5,
        -270.5400401428342
    ],
    "KNEE_44": [
        837.5,
        1066.5,
        -338.5766813457012
    ],
    "KNEE_45": [
        834.0,
        1072.0,
        -313.94042567163706
    ],
    "KNEE_46": [
        828.0,
        1054.5,
        -257.9722670316696
    ],
    "KNEE_47": [
        833.5,
        1064.0,
        -285.67629754543304
    ],
    "KNEE_48": [
        828.5,
        1073.5,
        -294.5888951718807
    ],
    "KNEE_49": [
        826.0,
        1067.0,
        -291.8842091560364
    ],
    "KNEE_50": [
        827.0,
        1074.0,
        -226.87686610221863
    ],
    "KNEE_51": [
        827.0,
        1061.0,
        -276.7009359821677
    ],
    "KNEE_52": [
        824.5,
        1082.0,
        -307.3388268649578
    ],
    "KNEE_53": [
        821.0,
        1082.0,
        -265.9348919391632
    ],
    "KNEE_54": [
        825.5,
        1082.0,
        -293.1608355939388
    ],
    "KNEE_55": [
        823.0,
        1082.0,
        -296.4433327317238
    ],
    "KNEE_56": [
        826.5,
        1078.5,
        -251.41914953291416
    ],
    "KNEE_57": [
        828.0,
        1077.5,
        -218.40807194262743
    ],
    "KNEE_58": [
        822.0,
        1070.5,
        -177.67670821398497
    ],
    "KNEE_59": [
        827.0,
        1072.5,
        -187.17081045359373
    ],
    "KNEE_60": [
        829.0,
        1076.0,
        -173.83810345083475
    ],
    "KNEE_61": [
        828.0,
        1097.0,
        -193.59409665316343
    ],
    "KNEE_62": [
        830.0,
        1076.0,
        -205.50525004416704
    ],
    "KNEE_63": [
        823.0,
        1078.5,
        -237.5979867875576
    ],
    "KNEE_64": [
        824.5,
        1072.5,
        -230.4953099861741
    ],
    "KNEE_65": [
        822.0,
        1054.5,
        -214.28139604255557
    ],
    "KNEE_66": [
        816.5,
        1063.0,
        -140.4425850994885
    ],
    "KNEE_67": [
        821.5,
        1082.5,
        -167.4170197919011
    ],
    "KNEE_68": [
        819.0,
        1072.5,
        -112.18098777718842
    ],
    "KNEE_69": [
        818.0,
        1088.5,
        -153.12867276370525
    ],
    "KNEE_70": [
        818.0,
        1091.0,
        -132.48878306150436
    ],
    "KNEE_71": [
        815.5,
        1082.5,
        -153.49183782935143
    ],
    "KNEE_72": [
        820.0,
        1084.5,
        -115.10009535960853
    ],
    "KNEE_73": [
        819.5,
        1078.5,
        -142.79233592748642
    ],
    "KNEE_74": [
        821.5,
        1073.0,
        -149.1447130255401
    ],
    "KNEE_75": [
        809.0,
        1064.5,
        -187.5851930603385
    ],
    "KNEE_76": [
        821.0,
        1043.0,
        -169.62341487407684
    ],
    "KNEE_77": [
        821.5,
        1053.5,
        -234.04250168055296
    ],
    "KNEE_78": [
        816.0,
        1047.0,
        -203.22089349478483
    ],
    "KNEE_79": [
        821.5,
        1060.5,
        -196.1187757998705
    ],
    "KNEE_80": [
        829.5,
        1059.5,
        -237.444529004395
    ],
    "KNEE_81": [
        821.5,
        1037.5,
        -216.9630866870284
    ],
    "KNEE_88": [
        816.5,
        982.5,
        -67.95728196948767
    ],
    "KNEE_89": [
        810.5,
        985.0,
        -7.85323382075876
    ],
    "KNEE_90": [
        824.5,
        920.0,
        138.72558183968067
    ],
    "KNEE_91": [
        847.5,
        916.0,
        42.968011977151036
    ],
    "KNEE_94": [
        -732.0,
        1051.0,
        -155.13459005579352
    ],
    "KNEE_95": [
        847.0,
        901.5,
        121.32629017531872
    ],
    "KNEE_96": [
        858.0,
        886.0,
        189.97801626473665
    ],
    "KNEE_99": [
        838.0,
        889.5,
        163.30933233350515
    ],
    "KNEE_100": [
        831.0,
        929.5,
        20.33065193798393
    ],
    "KNEE_101": [
        834.5,
        981.5,
        -157.16490472108126
    ],
    "KNEE_102": [
        834.0,
        959.5,
        -87.61854898184538
    ],
    "KNEE_103": [
        863.0,
        1014.0,
        -234.0203576758504
    ],
    "KNEE_104": [
        841.5,
        1002.5,
        -235.42673917114735
    ],
    "KNEE_105": [
        843.5,
        1023.5,
        -256.65078500658274
    ],
    "KNEE_106": [
        832.5,
        1033.5,
        -251.39094007015228
    ],