{
    "KNEE_0": [
        0,
        0,
        0
    ],
    "KNEE_1": [
        526.0,
        609.0,
        10.819339752197266
    ],
    "KNEE_2": [
        533.5,
        622.5,
        -1.0901260152459145
    ],
    "KNEE_3": [
        615.5,
        614.0,
        131.90548934787512
    ],
    "KNEE_8": [
        607.0,
        672.5,
        61.64065881073475
    ],
    "KNEE_9": [
        582.5,
        688.5,
        -37.08574810810387
    ],
    "KNEE_10": [
        605.0,
        700.0,
        -100.20325728133321
    ],
    "KNEE_11": [
        579.0,
        651.0,
        -176.77258712798357
    ],
    "KNEE_12": [
        553.0,
        634.5,
        -213.35957250744104
    ],
    "KNEE_13": [
        546.0,
        634.5,
        -58.35323652345687
    ],
    "KNEE_14": [
        586.5,
        650.0,
        -112.18950833007693
    ],
    "KNEE_15": [
        522.0,
        583.0,
        -4.631483271718025
    ],
    "KNEE_16": [
        311.5,
        671.0,
        -59.283359572291374
    ],
    "KNEE_17": [
        271.5,
        653.5,
        -12.265769658843055
    ],
    "KNEE_18": [
        425.0,
        546.0,
        131.00115549564362
    ]
}