{
    "KNEE_0": [
        0,
        0,
        0
    ],
    "KNEE_48": [
        631.0,
        778.0,
        67.6658978946507
    ],
    "KNEE_49": [
        578.0,
        818.0,
        101.20582888275385
    ],
    "KNEE_50": [
        553.5,
        803.0,
        20.581421547336504
    ]
}