{
    "SHOULDER_0": [
        0,
        0,
        0
    ],
    "SHOULDER_1": [
        644.5,
        665.0,
        -331.7341838926077
    ],
    "SHOULDER_2": [
        641.5,
        664.5,
        -334.0240806788206
    ],
    "SHOULDER_3": [
        638.0,
        662.0,
        -373.1653286665678
    ],
    "SHOULDER_4": [
        650.0,
        670.5,
        -309.412959381938
    ],
    "SHOULDER_5": [
        644.5,
        668.5,
        -329.08723832666874
    ],
    "SHOULDER_6": [
        643.5,
        669.0,
        -320.62011301517487
    ],
    "SHOULDER_7": [
        651.0,
        673.0,
        -312.4363530278206
    ],
    "SHOULDER_8": [
        654.0,
        671.0,
        -291.49708722531796
    ],
    "SHOULDER_9": [
        630.0,
        646.5,
        -488.51895551383495
    ],
    "SHOULDER_10": [
        622.5,
        649.5,
        -489.1148782968521
    ]
}