{
    "SHOULDER_0": [
        0,
        0,
        0
    ],
    "SHOULDER_84": [
        762.0,
        621.0,
        -137.26262752898037
    ],
    "SHOULDER_87": [
        684.5,
        609.0,
        -30.026370422914624
    ],
    "SHOULDER_89": [
        610.0,
        593.5,
        -96.61237917467952
    ],
    "SHOULDER_99": [
        317.5,
        531.5,
        -165.60846354067326
    ],
    "SHOULDER_104": [
        705.0,
        504.0,
        -297.46828973293304
    ],
    "SHOULDER_105": [
        665.0,
        517.0,
        -266.6720280200243
    ],
    "SHOULDER_106": [
        673.5,
        511.5,
        -301.3281451165676
    ],
    "SHOULDER_107": [
        693.0,
        496.5,
        -257.1917722225189
    ],
    "SHOULDER_108": [
        683.5,
        500.5,
        -216.53800777345896
    ],
    "SHOULDER_109": [
        644.5,
        539.0,
        -408.9150011986494
    ],
    "SHOULDER_110": [
        613.5,
        531.5,
        -332.7827570438385
    ],
    "SHOULDER_111": [
        613.5,
        528.5,
        -278.5208065956831
    ],
    "SHOULDER_112": [
        622.0,
        527.5,
        -202.25459176301956
    ],
    "SHOULDER_113": [
        615.5,
        533.0,
        -179.20232459157705
    ],
    "SHOULDER_114": [
        627.5,
        534.0,
        -149.42171695828438
    ],
    "SHOULDER_115": [
        636.0,
        538.0,
        -184.59076761454344
    ],
    "SHOULDER_116": [
        629.0,
        536.5,
        -133.26691234111786
    ],
    "SHOULDER_117": [
        630.5,
        538.0,
        -133.44347018748522
    ],
    "SHOULDER_118": [
        640.0,
        537.5,
        -164.30461997538805
    ],
    "SHOULDER_119": [
        645.5,
        542.0,
        -300.5322016775608
    ],
    "SHOULDER_120": [
        655.0,
        539.5,
        -363.46256341040134
    ],
    "SHOULDER_121": [
        714.0,
        552.5,
        -76.67759076971561
    ],
    "SHOULDER_122": [
        722.5,
        571.5,
        19.210750533733517
    ],
    "SHOULDER_123": [
        625.0,
        536.0,
        -104.53714515641332
    ],
    "SHOULDER_124": [
        655.0,
        558.0,
        -3.7669879011809826
    ],
    "SHOULDER_125": [
        603.0,
        576.5,
        -112.44447842612863
    ],
    "SHOULDER_126": [
        596.0,
        572.5,
        -197.7248257920146
    ],
    "SHOULDER_127": [
        596.5,
        575.5,
        -357.1344953030348
    ],
    "SHOULDER_128": [
        601.5,
        578.0,
        -229.96503465622663
    ],
    "SHOULDER_129": [
        611.5,
        581.5,
        -170.64168725162745
    ],
    "SHOULDER_130": [
        621.0,
        577.5,
        -17.419677205383778
    ],
    "SHOULDER_131": [
        643.0,
        567.0,
        -8.195101713761687
    ],
    "SHOULDER_132": [
        606.0,
        573.5,
        -19.055803244467825
    ],
    "SHOULDER_133": [
        608.5,
        580.5,
        -124.52866216748953
    ],
    "SHOULDER_134": [
        609.5,
        585.0,
        -242.85835871100426
    ],
    "SHOULDER_135": [
        550.5,
        539.5,
        -138.87407457083464
    ],
    "SHOULDER_137": [
        461.5,
        545.0,
        -319.33149087429047
    ],
    "SHOULDER_138": [
        464.5,
        517.5,
        -391.37607865035534
    ],
    "SHOULDER_139": [
        435.5,
        531.0,
        -408.66855362057686
    ],
    "SHOULDER_140": [
        438.0,
        539.0,
        -296.18798001110554
    ],
    "SHOULDER_141": [
        436.0,
        544.0,
        -197.26919838041067
    ],
    "SHOULDER_142": [
        446.0,
        563.0,
        -161.89633180201054
    ],
    "SHOULDER_143": [
        448.0,
        566.5,
        -295.69659742712975
    ],
    "SHOULDER_144": [
        451.5,
        570.5,
        -189.74040853977203
    ],
    "SHOULDER_145": [
        451.0,
        570.0,
        -129.72838956862688
    ],
    "SHOULDER_146": [
        453.0,
        570.0,
        -210.7778723835945
    ],
    "SHOULDER_147": [
        455.0,
        575.5,
        -206.66985347867012
    ],
    "SHOULDER_148": [
        455.0,
        561.5,
        -222.57716824114323
    ],
    "SHOULDER_149": [
        454.5,
        565.0,
        -220.13791682571173
    ],
    "SHOULDER_150": [
        455.5,
        559.5,
        -210.41521731764078
    ],
    "SHOULDER_151": [
        454.0,
        560.0,
        -209.78928571939468
    ],
    "SHOULDER_152": [
        477.0,
        573.0,
        -153.07119134813547
    ],
    "SHOULDER_153": [
        480.0,
        574.0,
        -215.4288411438465
    ],
    "SHOULDER_154": [
        483.0,
        576.5,
        -213.18485771119595
    ],
    "SHOULDER_155": [
        479.5,
        574.0,
        -284.4974495321512
    ],
    "SHOULDER_156": [
        482.0,
        575.0,
        -168.52980602532625
    ],
    "SHOULDER_157": [
        481.5,
        576.5,
        -235.88648141920567
    ],
    "SHOULDER_158": [
        630.0,
        564.5,
        -182.83624109625816
    ],
    "SHOULDER_159": [
        519.0,
        552.0,
        -199.9959401935339
    ],
    "SHOULDER_160": [
        595.5,
        565.5,
        -141.69474163418636
    ],
    "SHOULDER_161": [
        589.0,
        569.5,
        -105.40978490188718
    ],
    "SHOULDER_162": [
        594.0,
        591.5,
        -246.71649815142155
    ],
    "SHOULDER_163": [
        589.0,
        577.5,
        -246.82994106411934
    ],
    "SHOULDER_164": [
        557.0,
        735.0,
        -180.9925300180912
    ],
    "SHOULDER_165": [
        594.5,
        553.5,
        -167.8179120272398
    ],
    "SHOULDER_166": [
        595.0,
        457.5,
        78.87020315229893
    ],
    "SHOULDER_167": [
        590.5,
        406.0,
        -53.267634043004364
    ],
    "SHOULDER_168": [
        550.0,
        400.0,
        -110.22750679962337
    ],
    "SHOULDER_169": [
        542.5,
        404.5,
        -125.96758224070072
    ],
    "SHOULDER_170": [
        552.5,
        411.0,
        -15.182358941063285
    ],
    "SHOULDER_171": [
        581.5,
        401.5,
        -149.74266348220408
    ],
    "SHOULDER_172": [
        571.0,
        408.0,
        -305.5680882781744
    ],
    "SHOULDER_173": [
        504.0,
        374.0,
        -405.9810179322958
    ],
    "SHOULDER_174": [
        508.0,
        415.0,
        -482.5019295811653
    ],
    "SHOULDER_175": [
        513.5,
        393.0,
        -553.7408502399921
    ],
    "SHOULDER_176": [
        509.5,
        411.0,
        -432.5532121360302
    ],
    "SHOULDER_177": [
        509.5,
        412.5,
        -501.20576149225235
    ],
    "SHOULDER_178": [
        514.0,
        412.0,
        -410.7722237408161
    ],
    "SHOULDER_179": [
        519.0,
        408.0,
        -574.6607147753239
    ],
    "SHOULDER_180": [
        520.5,
        416.5,
        -560.868624150753
    ],
    "SHOULDER_181": [
        522.5,
        411.0,
        -514.9128175973892
    ],
    "SHOULDER_182": [
        520.5,
        393.5,
        -465.19884118437767
    ],
    "SHOULDER_183": [
        517.5,
        400.0,
        -507.14797116816044
    ],
    "SHOULDER_184": [
        514.0,
        393.5,
        -475.40884314477444
    ],
    "SHOULDER_185": [
        517.0,
        409.5,
        -590.4168867170811
    ],
    "SHOULDER_186": [
        517.5,
        408.5,
        -566.4755003899336
    ],
    "SHOULDER_187": [
        517.0,
        407.5,
        -550.32510638237
    ],
    "SHOULDER_188": [
        516.5,
        412.0,
        -534.2074042707682
    ],
    "SHOULDER_189": [
        514.0,
        413.5,
        -623.7846355140209
    ],
    "SHOULDER_190": [
        518.0,
        399.0,
        -582.1329229772091
    ],
    "SHOULDER_191": [
        518.5,
        407.5,
        -564.3834097087383
    ],