{
    "SHOULDER_0": [
        0,
        0,
        0
    ],
    "SHOULDER_1": [
        476.5,
        528.5,
        -615.1277174949646
    ],
    "SHOULDER_2": [
        482.5,
        524.0,
        -623.8975227177143
    ],
    "SHOULDER_3": [
        478.5,
        532.0,
        -678.9993289411068
    ],
    "SHOULDER_4": [
        483.5,
        534.5,
        -686.2651716470718
    ],
    "SHOULDER_5": [
        483.5,
        538.0,
        -497.5474406629801
    ],
    "SHOULDER_6": [
        493.0,
        532.5,
        -369.38493874669075
    ],
    "SHOULDER_7": [
        493.0,
        531.5,
        -328.3719208985567
    ],
    "SHOULDER_8": [
        495.5,
        530.5,
        -384.81310902535915
    ],
    "SHOULDER_9": [
        494.5,
        527.5,
        -379.7494681030512
    ],
    "SHOULDER_10": [
        490.5,
        524.0,
        -358.3412983417511
    ],
    "SHOULDER_11": [
        495.0,
        520.5,
        -275.90311646461487
    ],
    "SHOULDER_12": [
        487.0,
        524.0,
        -463.075477167964
    ],
    "SHOULDER_13": [
        485.5,
        531.0,
        -416.5678150802851
    ],
    "SHOULDER_14": [
        482.5,
        539.5,
        -505.01796716451645
    ],
    "SHOULDER_15": [
        488.0,
        537.0,
        -592.1933564990759
    ],
    "SHOULDER_16": [
        486.5,
        534.0,
        -513.4052080214024
    ],
    "SHOULDER_17": [
        485.5,
        538.5,
        -463.3851374387741
    ],
    "SHOULDER_18": [
        488.0,
        534.0,
        -546.818037495017
    ],
    "SHOULDER_19": [
        490.0,
        536.0,
        -548.546405017376
    ],
    "SHOULDER_20": [
        489.5,
        537.5,
        -597.5356865823269
    ],
    "SHOULDER_21": [
        492.5,
        534.5,
        -630.514903575182
    ],
    "SHOULDER_22": [
        488.5,
        534.5,
        -541.6476241797209
    ],
    "SHOULDER_23": [
        490.5,
        535.0,
        -558.6440033912659
    ],
    "SHOULDER_24": [
        489.5,
        534.0,
        -610.0558424592018
    ],
    "SHOULDER_25": [
        486.0,
        539.5,
        -612.162589520216
    ],
    "SHOULDER_26": [
        489.5,
        535.0,
        -625.5630161762238
    ],
    "SHOULDER_27": [
        488.0,
        533.5,
        -657.8155303001404
    ],
    "SHOULDER_28": [
        490.5,
        529.5,
        -629.0643441975117
    ],
    "SHOULDER_29": [
        489.0,
        533.0,
        -766.3498880267143
    ],
    "SHOULDER_30": [
        489.5,
        533.0,
        -737.814381480217
    ],
    "SHOULDER_31": [
        480.5,
        533.0,
        -772.215490937233
    ],
    "SHOULDER_32": [
        483.0,
        534.5,
        -724.8285068571568
    ],
    "SHOULDER_33": [
        483.5,
        529.0,
        -797.5341021716595
    ],
    "SHOULDER_34": [
        475.0,
        535.0,
        -751.4434657394886
    ],
    "SHOULDER_35": [
        475.5,
        541.0,
        -813.1959281265736
    ],
    "SHOULDER_36": [
        477.0,
        543.5,
        -809.552925914526
    ],
    "SHOULDER_37": [
        474.5,
        536.5,
        -766.9467087686062
    ],
    "SHOULDER_38": [
        474.0,
        541.0,
        -787.412648588419
    ],
    "SHOULDER_39": [
        475.5,
        540.5,
        -770.8598102331161
    ],
    "SHOULDER_40": [
        473.0,
        535.0,
        -790.4691650569439
    ],
    "SHOULDER_41": [
        474.5,
        546.0,
        -779.6712265312672
    ],
    "SHOULDER_42": [
        476.5,
        540.5,
        -823.2114903330803
    ],
    "SHOULDER_43": [
        484.5,
        532.5,
        -754.5046583712101
    ],
    "SHOULDER_44": [
        493.5,
        524.5,
        -126.52420983463526
    ],
    "SHOULDER_45": [
        493.0,
        518.5,
        -100.59069161117077
    ],
    "SHOULDER_46": [
        492.0,
        524.0,
        -207.83695274591446
    ],
    "SHOULDER_47": [
        492.0,
        520.0,
        -259.79170113801956
    ],
    "SHOULDER_48": [
        497.0,
        513.0,
        -220.80530869960785
    ]
}