{
    "SHOULDER_0": [
        0,
        0,
        0
    ],
    "SHOULDER_1": [
        787.5,
        493.5,
        -266.70760249346495
    ],
    "SHOULDER_2": [
        787.0,
        492.5,
        -274.67071026563644
    ],
    "SHOULDER_3": [
        786.0,
        494.5,
        -245.02235312014818
    ],
    "SHOULDER_4": [
        784.5,
        495.5,
        -229.84837720915675
    ],
    "SHOULDER_5": [
        784.0,
        491.0,
        -204.1995331272483
    ],
    "SHOULDER_6": [
        784.5,
        492.5,
        -163.12795734778047
    ],
    "SHOULDER_7": [
        786.0,
        493.5,
        -176.9905024431646
    ],
    "SHOULDER_8": [
        783.0,
        490.5,
        -189.29189520701766
    ],
    "SHOULDER_9": [
        784.5,
        493.5,
        -131.64998358115554
    ],
    "SHOULDER_10": [
        786.5,
        494.0,
        -169.03175739571452
    ],
    "SHOULDER_11": [
        784.0,
        495.5,
        -146.71712356433272
    ],
    "SHOULDER_12": [
        783.5,
        494.5,
        -229.1701429411769
    ],
    "SHOULDER_13": [
        785.0,
        496.0,
        -135.9606732800603
    ],
    "SHOULDER_14": [
        785.5,
        493.5,
        -121.77492017112672
    ],
    "SHOULDER_15": [
        784.5,
        496.5,
        -167.57337052747607
    ],
    "SHOULDER_16": [
        785.0,
        495.5,
        -129.76936543732882
    ],
    "SHOULDER_17": [
        784.0,
        494.0,
        -121.79124385630712
    ],
    "SHOULDER_18": [
        783.0,
        494.5,
        -214.13663405925035
    ],
    "SHOULDER_19": [
        782.5,
        494.5,
        -278.4795129597187
    ],
    "SHOULDER_20": [
        784.5,
        492.5,
        -290.41751193255186
    ],
    "SHOULDER_21": [
        785.0,
        494.5,
        -232.93218400329351
    ],
    "SHOULDER_22": [
        786.0,
        493.0,
        -212.5403257906437
    ],
    "SHOULDER_23": [
        787.0,
        494.0,
        -231.33776483684778
    ],
    "SHOULDER_24": [
        788.5,
        496.5,
        -313.60541924089193
    ],
    "SHOULDER_25": [
        786.0,
        494.0,
        -282.4349540323019
    ],
    "SHOULDER_26": [
        788.0,
        492.5,
        -281.1420711502433
    ],
    "SHOULDER_27": [
        789.0,
        495.0,
        -267.5324963182211
    ],
    "SHOULDER_28": [
        786.0,
        492.0,
        -193.06784192472696
    ],
    "SHOULDER_29": [
        788.5,
        493.0,
        -189.47112695127726
    ],
    "SHOULDER_30": [
        786.0,
        492.5,
        -260.67294611781836
    ],
    "SHOULDER_31": [
        787.5,
        492.5,
        -259.1571830660105
    ],
    "SHOULDER_32": [
        784.0,
        494.0,
        -203.65265499427915
    ],
    "SHOULDER_33": [
        786.5,
        491.5,
        -122.59643864206737
    ],
    "SHOULDER_34": [
        784.0,
        492.0,
        -136.78435994312167
    ],
    "SHOULDER_35": [
        787.5,
        494.0,
        -132.3381906989962
    ],
    "SHOULDER_36": [
        787.0,
        493.5,
        -115.9150226879865
    ],
    "SHOULDER_37": [
        793.0,
        496.5,
        -276.37725569307804
    ],
    "SHOULDER_38": [
        795.0,
        497.0,
        -214.23265635967255
    ],
    "SHOULDER_39": [
        795.5,
        494.0,
        -288.6099207177758
    ],
    "SHOULDER_40": [
        798.0,
        493.0,
        -288.97217935323715
    ],
    "SHOULDER_41": [
        800.0,
        494.0,
        -291.7849931716919
    ],
    "SHOULDER_42": [
        800.5,
        495.0,
        -247.59835993498564
    ],
    "SHOULDER_43": [
        802.0,
        496.5,
        -229.83233678340912
    ],
    "SHOULDER_44": [
        803.5,
        493.0,
        -185.28570675104856
    ],
    "SHOULDER_45": [
        803.0,
        495.0,
        -133.7426640316844
    ],
    "SHOULDER_46": [
        806.5,
        495.0,
        -288.0762790068984
    ],
    "SHOULDER_47": [
        804.0,
        495.5,
        -215.0865983068943
    ],
    "SHOULDER_48": [
        801.5,
        493.0,
        -202.16826543956995
    ],
    "SHOULDER_49": [
        800.0,
        492.5,
        -220.61557676643133
    ],
    "SHOULDER_50": [
        799.0,
        494.0,
        -308.41158275306225
    ],
    "SHOULDER_51": [
        796.5,
        495.5,
        -271.23321356624365
    ],
    "SHOULDER_52": [
        801.0,
        497.5,
        -239.1795719191432
    ],
    "SHOULDER_53": [
        800.5,
        497.0,
        -208.42872458696365
    ],
    "SHOULDER_54": [
        799.5,
        496.5,
        -224.74614523351192
    ],
    "SHOULDER_55": [
        798.5,
        495.5,
        -259.69793220609426
    ],
    "SHOULDER_56": [
        799.5,
        497.0,
        -276.1529608145356
    ],
    "SHOULDER_57": [
        800.5,
        496.5,
        -243.5426863208413
    ],
    "SHOULDER_58": [
        799.5,
        494.0,
        -295.3685776144266
    ],
    "SHOULDER_59": [
        801.0,
        495.0,
        -234.41027513891459
    ],
    "SHOULDER_60": [
        800.0,
        494.0,
        -245.59790240228176
    ],
    "SHOULDER_61": [
        802.0,
        492.0,
        -216.08603500574827
    ],
    "SHOULDER_62": [
        803.0,
        492.5,
        -202.49133579432964
    ],
    "SHOULDER_63": [
        802.0,
        492.0,
        -249.49405277520418
    ],
    "SHOULDER_64": [
        802.0,
        491.5,
        -263.7723443582654
    ],
    "SHOULDER_65": [
        803.0,
        494.5,
        -329.2562917917967
    ],
    "SHOULDER_66": [
        803.5,
        492.0,
        -375.60166051983833
    ],
    "SHOULDER_67": [
        799.0,
        491.5,
        -375.9069326519966
    ],
    "SHOULDER_68": [
        799.5,
        492.0,
        -329.6771464794874
    ],
    "SHOULDER_69": [
        799.0,
        496.0,
        -396.17348324507475
    ],
    "SHOULDER_70": [
        799.5,
        495.5,
        -376.5887545198202
    ],
    "SHOULDER_71": [
        799.0,
        495.0,
        -348.4772116318345
    ],
    "SHOULDER_72": [
        799.0,
        496.5,
        -407.0898422151804
    ],
    "SHOULDER_73": [
        798.5,
        496.5,
        -344.8402833491564
    ],
    "SHOULDER_74": [
        798.0,
        496.5,
        -366.56489042937756
    ],
    "SHOULDER_75": [
        796.5,
        492.5,
        -347.47342067956924
    ],
    "SHOULDER_76": [
        799.5,
        493.5,
        -369.09148409217596
    ],
    "SHOULDER_77": [
        799.0,
        494.5,
        -354.43056037276983
    ],
    "SHOULDER_78": [
        799.5,
        494.5,
        -355.4746917039156
    ],
    "SHOULDER_79": [
        799.5,
        492.0,
        -365.31178034842014
    ],
    "SHOULDER_80": [
        800.5,
        490.0,
        -361.8540965169668
    ],
    "SHOULDER_81": [
        803.0,
        491.0,
        -373.62982754409313
    ],
    "SHOULDER_88": [
        818.0,
        494.5,
        -509.634204313159
    ],
    "SHOULDER_89": [
        821.5,
        496.0,
        -561.3155326992273
    ],
    "SHOULDER_90": [
        822.0,
        494.5,
        -505.29054003953934
    ],
    "SHOULDER_91": [
        829.5,
        494.0,
        -495.5487366914749
    ],
    "SHOULDER_94": [
        -10.5,
        471.0,
        -32.39694149047136
    ],
    "SHOULDER_95": [
        827.0,
        496.5,
        -530.6609618067741
    ],
    "SHOULDER_96": [
        827.0,
        494.0,
        -537.8670309484005
    ],
    "SHOULDER_99": [
        826.0,
        493.5,
        -587.1617540717125
    ],
    "SHOULDER_100": [
        827.0,
        497.0,
        -556.9961133152246
    ],
    "SHOULDER_101": [
        802.5,
        491.5,
        -124.61891900002956
    ],
    "SHOULDER_102": [
        802.5,
        493.0,
        -210.4211428463459
    ],