{
    "SHOULDER_0": [
        0,
        0,
        0
    ],
    "SHOULDER_1": [
        753.0,
        316.5,
        -19.40691104531288
    ],
    "SHOULDER_2": [
        750.0,
        318.0,
        -9.800457157194614
    ],
    "SHOULDER_3": [
        749.0,
        315.0,
        -124.22606193646789
    ],
    "SHOULDER_8": [
        690.5,
        327.0,
        -61.20594048500061
    ],
    "SHOULDER_9": [
        680.0,
        330.0,
        -36.017368495464325
    ],
    "SHOULDER_10": [
        670.5,
        333.5,
        26.18775301426649
    ],
    "SHOULDER_11": [
        662.0,
        334.5,
        -84.22238257527351
    ],
    "SHOULDER_12": [
        658.0,
        337.5,
        -50.848093432956375
    ],
    "SHOULDER_13": [
        649.0,
        333.5,
        -88.13073837896809
    ],
    "SHOULDER_14": [
        522.0,
        284.5,
        19.9702170714736
    ],
    "SHOULDER_15": [
        502.5,
        201.5,
        40.92485170066357
    ],
    "SHOULDER_16": [
        425.5,
        186.5,
        37.020515255630016
    ],
    "SHOULDER_17": [
        297.5,
        166.5,
        -95.84116438403726
    ],
    "SHOULDER_18": [
        466.0,
        166.5,
        47.787296302616596
    ]
}