{
    "SHOULDER_0": [
        0,
        0,
        0
    ],
    "SHOULDER_48": [
        645.5,
        219.5,
        -124.3538011983037
    ],
    "SHOULDER_49": [
        602.5,
        232.5,
        -94.63799584284425
    ],
    "SHOULDER_50": [
        577.0,
        235.0,
        -66.84623789601028
    ]
}